x,y,z,Seconds,Microseconds,,,
,,,,,,,
255,6,3,0,0,,,
,,,,,,,
22,20,207,0,0,,,
,,,,,,,
10,21,205,0,0,,,
,,,,,,,
0,0,0,0,0,,,
,,,,,,,
0,0,0,0,16000,,,
,,,,,,,
0,0,0,0,32000,,,
,,,,,,,
0,0,0,0,32000,,,
,,,,,,,
0,0,0,0,32000,,,
,,,,,,,
0,0,0,0,32000,,,
,,,,,,,
0,0,0,0,32000,,,
,,,,,,,
0,0,0,0,32000,,,
,,,,,,,
0,0,0,0,47000,,,
,,,,,,,
0,0,0,0,47000,,,
,,,,,,,
0,0,0,0,47000,,,
,,,,,,,
0,0,0,0,47000,,,
,,,,,,,
0,0,0,0,47000,,,
,,,,,,,
0,0,0,0,47000,,,
,,,,,,,
0,0,0,0,63000,,,
,,,,,,,
0,0,0,0,63000,,,
,,,,,,,
0,0,0,0,67000,,,
,,,,,,,
0,0,0,0,71000,,,
,,,,,,,
0,0,0,0,71000,,,
,,,,,,,
0,0,0,0,75000,,,
,,,,,,,
0,0,0,0,79000,,,
,,,,,,,
0,0,0,0,79000,,,
,,,,,,,
0,0,0,0,85000,,,
,,,,,,,
0,0,0,0,85000,,,
,,,,,,,
0,0,0,0,85000,,,
,,,,,,,
0,0,0,0,85000,,,
,,,,,,,
0,0,0,0,85000,,,
,,,,,,,
0,0,0,0,85000,,,
,,,,,,,
0,0,0,0,100000,,,
,,,,,,,
240,157,127,0,100000,,,
,,,,,,,
0,0,0,0,100000,,,
,,,,,,,
0,0,0,0,100000,,,
,,,,,,,
0,0,0,0,100000,,,
,,,,,,,
0,0,0,0,100000,,,
,,,,,,,
0,0,0,0,116000,,,
,,,,,,,
0,0,0,0,116000,,,
,,,,,,,
0,0,0,0,116000,,,
,,,,,,,
0,0,0,0,116000,,,
,,,,,,,
0,0,0,0,116000,,,
,,,,,,,
0,0,0,0,116000,,,
,,,,,,,
0,0,0,0,132000,,,
,,,,,,,
0,0,0,0,132000,,,
,,,,,,,
0,0,0,0,132000,,,
,,,,,,,
0,0,0,0,132000,,,
,,,,,,,
0,0,0,0,132000,,,
,,,,,,,
0,0,0,0,132000,,,
,,,,,,,
2,209,127,0,147000,,,
,,,,,,,
0,0,0,0,147000,,,
,,,,,,,
0,0,0,0,147000,,,
,,,,,,,
0,0,0,0,147000,,,
,,,,,,,
0,0,0,0,147000,,,
,,,,,,,
0,0,0,0,147000,,,
,,,,,,,
0,0,0,0,163000,,,
,,,,,,,
0,0,0,0,163000,,,
,,,,,,,
0,0,0,0,163000,,,
,,,,,,,
0,0,0,0,163000,,,
,,,,,,,
0,0,0,0,163000,,,
,,,,,,,
0,0,0,0,163000,,,
,,,,,,,
0,0,0,0,178000,,,
,,,,,,,
0,0,0,0,178000,,,
,,,,,,,
0,0,0,0,178000,,,
,,,,,,,
0,0,0,0,178000,,,
,,,,,,,
0,0,0,0,178000,,,
,,,,,,,
0,0,0,0,178000,,,
,,,,,,,
43,239,113,0,178000,,,
,,,,,,,
0,0,0,0,194000,,,
,,,,,,,
0,0,0,0,194000,,,
,,,,,,,
0,0,0,0,194000,,,
,,,,,,,
0,0,0,0,194000,,,
,,,,,,,
0,0,0,0,194000,,,
,,,,,,,
0,0,0,0,194000,,,
,,,,,,,
0,0,0,0,194000,,,
,,,,,,,
0,0,0,0,194000,,,
,,,,,,,
0,0,0,0,210000,,,
,,,,,,,
0,0,0,0,210000,,,
,,,,,,,
0,0,0,0,210000,,,
,,,,,,,
0,0,0,0,210000,,,
,,,,,,,
0,0,0,0,210000,,,
,,,,,,,
0,0,0,0,210000,,,
,,,,,,,
0,0,0,0,210000,,,
,,,,,,,
0,0,0,0,225000,,,
,,,,,,,
0,0,0,0,225000,,,
,,,,,,,
0,0,0,0,225000,,,
,,,,,,,
0,0,0,0,225000,,,
,,,,,,,
0,0,0,0,225000,,,
,,,,,,,
0,0,0,0,225000,,,
,,,,,,,
0,0,0,0,225000,,,
,,,,,,,
0,0,0,0,225000,,,
,,,,,,,
23,242,62,0,241000,,,
,,,,,,,
0,0,0,0,241000,,,
,,,,,,,
0,0,0,0,241000,,,
,,,,,,,
0,0,0,0,241000,,,
,,,,,,,
0,0,0,0,241000,,,
,,,,,,,
0,0,0,0,241000,,,
,,,,,,,
0,0,0,0,241000,,,
,,,,,,,
0,0,0,0,241000,,,
,,,,,,,
0,0,0,0,257000,,,
,,,,,,,
0,0,0,0,257000,,,
,,,,,,,
0,0,0,0,257000,,,
,,,,,,,
0,0,0,0,257000,,,
,,,,,,,
0,0,0,0,257000,,,
,,,,,,,
0,0,0,0,257000,,,
,,,,,,,
0,0,0,0,257000,,,
,,,,,,,
0,0,0,0,257000,,,
,,,,,,,
0,0,0,0,272000,,,
,,,,,,,
0,0,0,0,272000,,,
,,,,,,,
0,0,0,0,272000,,,
,,,,,,,
0,0,0,0,272000,,,
,,,,,,,
0,0,0,0,272000,,,
,,,,,,,
0,0,0,0,272000,,,
,,,,,,,
0,0,0,0,272000,,,
,,,,,,,
8,249,254,0,272000,,,
,,,,,,,
0,0,0,0,288000,,,
,,,,,,,
0,0,0,0,288000,,,
,,,,,,,
0,0,0,0,288000,,,
,,,,,,,
0,0,0,0,288000,,,
,,,,,,,
0,0,0,0,288000,,,
,,,,,,,
0,0,0,0,288000,,,
,,,,,,,
0,0,0,0,303000,,,
,,,,,,,
0,0,0,0,303000,,,
,,,,,,,
0,0,0,0,303000,,,
,,,,,,,
0,0,0,0,303000,,,
,,,,,,,
0,0,0,0,303000,,,
,,,,,,,
0,0,0,0,303000,,,
,,,,,,,
0,0,0,0,303000,,,
,,,,,,,
0,0,0,0,303000,,,
,,,,,,,
0,0,0,0,319000,,,
,,,,,,,
0,0,0,0,319000,,,
,,,,,,,
0,0,0,0,319000,,,
,,,,,,,
0,0,0,0,319000,,,
,,,,,,,
0,0,0,0,319000,,,
,,,,,,,
0,0,0,0,319000,,,
,,,,,,,
8,21,193,0,319000,,,
,,,,,,,
0,0,0,0,319000,,,
,,,,,,,
0,0,0,0,335000,,,
,,,,,,,
0,0,0,0,335000,,,
,,,,,,,
0,0,0,0,335000,,,
,,,,,,,
0,0,0,0,335000,,,
,,,,,,,
0,0,0,0,335000,,,
,,,,,,,
0,0,0,0,335000,,,
,,,,,,,
0,0,0,0,335000,,,
,,,,,,,
0,0,0,0,335000,,,
,,,,,,,
0,0,0,0,350000,,,
,,,,,,,
0,0,0,0,350000,,,
,,,,,,,
0,0,0,0,350000,,,
,,,,,,,
0,0,0,0,350000,,,
,,,,,,,
0,0,0,0,350000,,,
,,,,,,,
0,0,0,0,350000,,,
,,,,,,,
0,0,0,0,350000,,,
,,,,,,,
0,0,0,0,366000,,,
,,,,,,,
0,0,0,0,366000,,,
,,,,,,,
0,0,0,0,366000,,,
,,,,,,,
0,0,0,0,366000,,,
,,,,,,,
0,0,0,0,366000,,,
,,,,,,,
0,0,0,0,366000,,,
,,,,,,,
0,0,0,0,366000,,,
,,,,,,,
4,30,153,0,366000,,,
,,,,,,,
0,0,0,0,382000,,,
,,,,,,,
0,0,0,0,382000,,,
,,,,,,,
0,0,0,0,382000,,,
,,,,,,,
0,0,0,0,382000,,,
,,,,,,,
0,0,0,0,382000,,,
,,,,,,,
0,0,0,0,382000,,,
,,,,,,,
0,0,0,0,382000,,,
,,,,,,,
0,0,0,0,382000,,,
,,,,,,,
0,0,0,0,397000,,,
,,,,,,,
0,0,0,0,397000,,,
,,,,,,,
0,0,0,0,397000,,,
,,,,,,,
0,0,0,0,397000,,,
,,,,,,,
0,0,0,0,397000,,,
,,,,,,,
0,0,0,0,397000,,,
,,,,,,,
0,0,0,0,397000,,,
,,,,,,,
0,0,0,0,397000,,,
,,,,,,,
0,0,0,0,413000,,,
,,,,,,,
0,0,0,0,413000,,,
,,,,,,,
0,0,0,0,413000,,,
,,,,,,,
0,0,0,0,413000,,,
,,,,,,,
0,0,0,0,413000,,,
,,,,,,,
0,0,0,0,413000,,,
,,,,,,,
255,14,203,0,413000,,,
,,,,,,,
0,0,0,0,413000,,,
,,,,,,,
0,0,0,0,428000,,,
,,,,,,,
0,0,0,0,428000,,,
,,,,,,,
0,0,0,0,428000,,,
,,,,,,,
0,0,0,0,428000,,,
,,,,,,,
0,0,0,0,428000,,,
,,,,,,,
0,0,0,0,428000,,,
,,,,,,,
0,0,0,0,428000,,,
,,,,,,,
0,0,0,0,444000,,,
,,,,,,,
0,0,0,0,444000,,,
,,,,,,,
0,0,0,0,444000,,,
,,,,,,,
0,0,0,0,444000,,,
,,,,,,,
0,0,0,0,444000,,,
,,,,,,,
0,0,0,0,444000,,,
,,,,,,,
0,0,0,0,444000,,,
,,,,,,,
0,0,0,0,444000,,,
,,,,,,,
0,0,0,0,460000,,,
,,,,,,,
0,0,0,0,460000,,,
,,,,,,,
0,0,0,0,460000,,,
,,,,,,,
0,0,0,0,460000,,,
,,,,,,,
0,0,0,0,460000,,,
,,,,,,,
222,132,127,0,460000,,,
,,,,,,,
0,0,0,0,460000,,,
,,,,,,,
0,0,0,0,475000,,,
,,,,,,,
0,0,0,0,475000,,,
,,,,,,,
0,0,0,0,475000,,,
,,,,,,,
0,0,0,0,475000,,,
,,,,,,,
0,0,0,0,475000,,,
,,,,,,,
0,0,0,0,475000,,,
,,,,,,,
0,0,0,0,475000,,,
,,,,,,,
0,0,0,0,475000,,,
,,,,,,,
0,0,0,0,491000,,,
,,,,,,,
0,0,0,0,491000,,,
,,,,,,,
0,0,0,0,491000,,,
,,,,,,,
0,0,0,0,491000,,,
,,,,,,,
0,0,0,0,491000,,,
,,,,,,,
0,0,0,0,491000,,,
,,,,,,,
0,0,0,0,491000,,,
,,,,,,,
0,0,0,0,491000,,,
,,,,,,,
0,0,0,0,491000,,,
,,,,,,,
0,0,0,0,507000,,,
,,,,,,,
0,0,0,0,507000,,,
,,,,,,,
0,0,0,0,507000,,,
,,,,,,,
0,0,0,0,507000,,,
,,,,,,,
0,0,0,0,507000,,,
,,,,,,,
31,31,127,0,507000,,,
,,,,,,,
0,0,0,0,507000,,,
,,,,,,,
0,0,0,0,507000,,,
,,,,,,,
0,0,0,0,522000,,,
,,,,,,,
0,0,0,0,522000,,,
,,,,,,,
0,0,0,0,522000,,,
,,,,,,,
0,0,0,0,522000,,,
,,,,,,,
0,0,0,0,522000,,,
,,,,,,,
0,0,0,0,522000,,,
,,,,,,,
0,0,0,0,522000,,,
,,,,,,,
0,0,0,0,538000,,,
,,,,,,,
0,0,0,0,538000,,,
,,,,,,,
0,0,0,0,538000,,,
,,,,,,,
0,0,0,0,538000,,,
,,,,,,,
0,0,0,0,538000,,,
,,,,,,,
0,0,0,0,538000,,,
,,,,,,,
0,0,0,0,538000,,,
,,,,,,,
0,0,0,0,538000,,,
,,,,,,,
0,0,0,0,553000,,,
,,,,,,,
0,0,0,0,553000,,,
,,,,,,,
0,0,0,0,553000,,,
,,,,,,,
0,0,0,0,553000,,,
,,,,,,,
0,0,0,0,553000,,,
,,,,,,,
44,239,91,0,553000,,,
,,,,,,,
0,0,0,0,553000,,,
,,,,,,,
0,0,0,0,553000,,,
,,,,,,,
0,0,0,0,569000,,,
,,,,,,,
0,0,0,0,569000,,,
,,,,,,,
0,0,0,0,569000,,,
,,,,,,,
0,0,0,0,569000,,,
,,,,,,,
0,0,0,0,569000,,,
,,,,,,,
0,0,0,0,569000,,,
,,,,,,,
0,0,0,0,569000,,,
,,,,,,,
0,0,0,0,569000,,,
,,,,,,,
0,0,0,0,585000,,,
,,,,,,,
0,0,0,0,585000,,,
,,,,,,,
0,0,0,0,585000,,,
,,,,,,,
0,0,0,0,585000,,,
,,,,,,,
0,0,0,0,585000,,,
,,,,,,,
0,0,0,0,585000,,,
,,,,,,,
0,0,0,0,585000,,,
,,,,,,,
0,0,0,0,585000,,,
,,,,,,,
0,0,0,0,600000,,,
,,,,,,,
0,0,0,0,600000,,,
,,,,,,,
0,0,0,0,600000,,,
,,,,,,,
0,0,0,0,600000,,,
,,,,,,,
21,240,44,0,600000,,,
,,,,,,,
0,0,0,0,600000,,,
,,,,,,,
0,0,0,0,600000,,,
,,,,,,,
0,0,0,0,600000,,,
,,,,,,,
0,0,0,0,616000,,,
,,,,,,,
0,0,0,0,616000,,,
,,,,,,,
0,0,0,0,616000,,,
,,,,,,,
0,0,0,0,616000,,,
,,,,,,,
0,0,0,0,616000,,,
,,,,,,,
0,0,0,0,616000,,,
,,,,,,,
0,0,0,0,616000,,,
,,,,,,,
0,0,0,0,632000,,,
,,,,,,,
0,0,0,0,632000,,,
,,,,,,,
0,0,0,0,632000,,,
,,,,,,,
0,0,0,0,632000,,,
,,,,,,,
0,0,0,0,632000,,,
,,,,,,,
0,0,0,0,632000,,,
,,,,,,,
0,0,0,0,632000,,,
,,,,,,,
0,0,0,0,632000,,,
,,,,,,,
0,0,0,0,647000,,,
,,,,,,,
0,0,0,0,647000,,,
,,,,,,,
0,0,0,0,647000,,,
,,,,,,,
0,0,0,0,647000,,,
,,,,,,,
7,1,230,0,647000,,,
,,,,,,,
0,0,0,0,647000,,,
,,,,,,,
0,0,0,0,647000,,,
,,,,,,,
0,0,0,0,663000,,,
,,,,,,,
0,0,0,0,663000,,,
,,,,,,,
0,0,0,0,663000,,,
,,,,,,,
0,0,0,0,663000,,,
,,,,,,,
0,0,0,0,663000,,,
,,,,,,,
0,0,0,0,663000,,,
,,,,,,,
0,0,0,0,663000,,,
,,,,,,,
0,0,0,0,663000,,,
,,,,,,,
0,0,0,0,663000,,,
,,,,,,,
0,0,0,0,678000,,,
,,,,,,,
0,0,0,0,678000,,,
,,,,,,,
0,0,0,0,678000,,,
,,,,,,,
0,0,0,0,678000,,,
,,,,,,,
0,0,0,0,678000,,,
,,,,,,,
0,0,0,0,678000,,,
,,,,,,,
0,0,0,0,678000,,,
,,,,,,,
0,0,0,0,694000,,,
,,,,,,,
0,0,0,0,694000,,,
,,,,,,,
0,0,0,0,694000,,,
,,,,,,,
0,0,0,0,694000,,,
,,,,,,,
9,34,168,0,694000,,,
,,,,,,,
0,0,0,0,694000,,,
,,,,,,,
0,0,0,0,694000,,,
,,,,,,,
0,0,0,0,710000,,,
,,,,,,,
0,0,0,0,710000,,,
,,,,,,,
0,0,0,0,710000,,,
,,,,,,,
0,0,0,0,710000,,,
,,,,,,,
0,0,0,0,710000,,,
,,,,,,,
0,0,0,0,710000,,,
,,,,,,,
0,0,0,0,710000,,,
,,,,,,,
0,0,0,0,710000,,,
,,,,,,,
0,0,0,0,725000,,,
,,,,,,,
0,0,0,0,725000,,,
,,,,,,,
0,0,0,0,725000,,,
,,,,,,,
0,0,0,0,725000,,,
,,,,,,,
0,0,0,0,725000,,,
,,,,,,,
0,0,0,0,725000,,,
,,,,,,,
0,0,0,0,725000,,,
,,,,,,,
0,0,0,0,741000,,,
,,,,,,,
0,0,0,0,741000,,,
,,,,,,,
255,31,177,0,741000,,,
,,,,,,,
0,0,0,0,741000,,,
,,,,,,,
0,0,0,0,741000,,,
,,,,,,,
0,0,0,0,741000,,,
,,,,,,,
0,0,0,0,741000,,,
,,,,,,,
0,0,0,0,757000,,,
,,,,,,,
0,0,0,0,757000,,,
,,,,,,,
0,0,0,0,757000,,,
,,,,,,,
0,0,0,0,757000,,,
,,,,,,,
0,0,0,0,757000,,,
,,,,,,,
0,0,0,0,757000,,,
,,,,,,,
0,0,0,0,757000,,,
,,,,,,,
0,0,0,0,757000,,,
,,,,,,,
0,0,0,0,772000,,,
,,,,,,,
0,0,0,0,772000,,,
,,,,,,,
0,0,0,0,772000,,,
,,,,,,,
0,0,0,0,772000,,,
,,,,,,,
0,0,0,0,772000,,,
,,,,,,,
0,0,0,0,772000,,,
,,,,,,,
0,0,0,0,772000,,,
,,,,,,,
0,0,0,0,772000,,,
,,,,,,,
0,0,0,0,772000,,,
,,,,,,,
0,0,0,0,788000,,,
,,,,,,,
0,0,0,0,788000,,,
,,,,,,,
0,0,0,0,788000,,,
,,,,,,,
0,14,21,0,788000,,,
,,,,,,,
0,0,0,0,788000,,,
,,,,,,,
0,0,0,0,788000,,,
,,,,,,,
0,0,0,0,788000,,,
,,,,,,,
0,0,0,0,788000,,,
,,,,,,,
0,0,0,0,788000,,,
,,,,,,,
0,0,0,0,803000,,,
,,,,,,,
0,0,0,0,803000,,,
,,,,,,,
0,0,0,0,803000,,,
,,,,,,,
0,0,0,0,803000,,,
,,,,,,,
0,0,0,0,803000,,,
,,,,,,,
0,0,0,0,803000,,,
,,,,,,,
0,0,0,0,803000,,,
,,,,,,,
0,0,0,0,803000,,,
,,,,,,,
0,0,0,0,819000,,,
,,,,,,,
0,0,0,0,819000,,,
,,,,,,,
0,0,0,0,819000,,,
,,,,,,,
0,0,0,0,819000,,,
,,,,,,,
0,0,0,0,819000,,,
,,,,,,,
0,0,0,0,819000,,,
,,,,,,,
0,0,0,0,819000,,,
,,,,,,,
0,0,0,0,819000,,,
,,,,,,,
0,0,0,0,819000,,,
,,,,,,,
0,0,0,0,835000,,,
,,,,,,,
0,0,0,0,835000,,,
,,,,,,,
0,0,0,0,835000,,,
,,,,,,,
232,199,127,0,835000,,,
,,,,,,,
0,0,0,0,835000,,,
,,,,,,,
0,0,0,0,835000,,,
,,,,,,,
0,0,0,0,835000,,,
,,,,,,,
0,0,0,0,835000,,,
,,,,,,,
0,0,0,0,835000,,,
,,,,,,,
0,0,0,0,850000,,,
,,,,,,,
0,0,0,0,850000,,,
,,,,,,,
0,0,0,0,850000,,,
,,,,,,,
0,0,0,0,850000,,,
,,,,,,,
0,0,0,0,850000,,,
,,,,,,,
0,0,0,0,850000,,,
,,,,,,,
0,0,0,0,850000,,,
,,,,,,,
0,0,0,0,850000,,,
,,,,,,,
0,0,0,0,866000,,,
,,,,,,,
0,0,0,0,866000,,,
,,,,,,,
0,0,0,0,866000,,,
,,,,,,,
0,0,0,0,866000,,,
,,,,,,,
0,0,0,0,866000,,,
,,,,,,,
0,0,0,0,866000,,,
,,,,,,,
0,0,0,0,866000,,,
,,,,,,,
0,0,0,0,866000,,,
,,,,,,,
0,0,0,0,866000,,,
,,,,,,,
0,0,0,0,882000,,,
,,,,,,,
0,0,0,0,882000,,,
,,,,,,,
48,1,127,0,882000,,,
,,,,,,,
0,0,0,0,882000,,,
,,,,,,,
0,0,0,0,882000,,,
,,,,,,,
0,0,0,0,882000,,,
,,,,,,,
0,0,0,0,882000,,,
,,,,,,,
0,0,0,0,882000,,,
,,,,,,,
0,0,0,0,897000,,,
,,,,,,,
0,0,0,0,897000,,,
,,,,,,,
0,0,0,0,897000,,,
,,,,,,,
0,0,0,0,897000,,,
,,,,,,,
0,0,0,0,897000,,,
,,,,,,,
0,0,0,0,897000,,,
,,,,,,,
0,0,0,0,897000,,,
,,,,,,,
0,0,0,0,897000,,,
,,,,,,,
0,0,0,0,897000,,,
,,,,,,,
0,0,0,0,913000,,,
,,,,,,,
0,0,0,0,913000,,,
,,,,,,,
0,0,0,0,913000,,,
,,,,,,,
0,0,0,0,913000,,,
,,,,,,,
0,0,0,0,913000,,,
,,,,,,,
0,0,0,0,913000,,,
,,,,,,,
0,0,0,0,913000,,,
,,,,,,,
0,0,0,0,913000,,,
,,,,,,,
0,0,0,0,928000,,,
,,,,,,,
0,0,0,0,928000,,,
,,,,,,,
0,0,0,0,928000,,,
,,,,,,,
36,223,70,0,928000,,,
,,,,,,,
0,0,0,0,928000,,,
,,,,,,,
0,0,0,0,928000,,,
,,,,,,,
0,0,0,0,928000,,,
,,,,,,,
0,0,0,0,928000,,,
,,,,,,,
0,0,0,0,928000,,,
,,,,,,,
0,0,0,0,944000,,,
,,,,,,,
0,0,0,0,944000,,,
,,,,,,,
0,0,0,0,944000,,,
,,,,,,,
0,0,0,0,944000,,,
,,,,,,,
0,0,0,0,944000,,,
,,,,,,,
0,0,0,0,944000,,,
,,,,,,,
0,0,0,0,944000,,,
,,,,,,,
0,0,0,0,960000,,,
,,,,,,,
0,0,0,0,960000,,,
,,,,,,,
0,0,0,0,960000,,,
,,,,,,,
0,0,0,0,960000,,,
,,,,,,,
0,0,0,0,960000,,,
,,,,,,,
0,0,0,0,960000,,,
,,,,,,,
0,0,0,0,960000,,,
,,,,,,,
0,0,0,0,975000,,,
,,,,,,,
0,0,0,0,975000,,,
,,,,,,,
13,242,4,0,975000,,,
,,,,,,,
0,0,0,0,975000,,,
,,,,,,,
0,0,0,0,975000,,,
,,,,,,,
0,0,0,0,975000,,,
,,,,,,,
0,0,0,0,975000,,,
,,,,,,,
0,0,0,0,991000,,,
,,,,,,,
0,0,0,0,991000,,,
,,,,,,,
0,0,0,0,991000,,,
,,,,,,,
0,0,0,0,991000,,,
,,,,,,,
0,0,0,0,991000,,,
,,,,,,,
0,0,0,0,991000,,,
,,,,,,,
0,0,0,1,7000,,,
,,,,,,,
0,0,0,1,7000,,,
,,,,,,,
0,0,0,1,7000,,,
,,,,,,,
0,0,0,1,7000,,,
,,,,,,,
0,0,0,1,7000,,,
,,,,,,,
0,0,0,1,7000,,,
,,,,,,,
0,0,0,1,22000,,,
,,,,,,,
0,0,0,1,22000,,,
,,,,,,,
4,27,185,1,22000,,,
,,,,,,,
0,0,0,1,22000,,,
,,,,,,,
0,0,0,1,22000,,,
,,,,,,,
0,0,0,1,22000,,,
,,,,,,,
0,0,0,1,22000,,,
,,,,,,,
0,0,0,1,38000,,,
,,,,,,,
0,0,0,1,38000,,,
,,,,,,,
0,0,0,1,38000,,,
,,,,,,,
0,0,0,1,38000,,,
,,,,,,,
0,0,0,1,38000,,,
,,,,,,,
0,0,0,1,38000,,,
,,,,,,,
0,0,0,1,38000,,,
,,,,,,,
0,0,0,1,38000,,,
,,,,,,,
0,0,0,1,38000,,,
,,,,,,,
0,0,0,1,53000,,,
,,,,,,,
0,0,0,1,53000,,,
,,,,,,,
0,0,0,1,53000,,,
,,,,,,,
0,0,0,1,53000,,,
,,,,,,,
0,0,0,1,53000,,,
,,,,,,,
0,0,0,1,53000,,,
,,,,,,,
0,0,0,1,53000,,,
,,,,,,,
0,0,0,1,69000,,,
,,,,,,,
255,36,162,1,69000,,,
,,,,,,,
0,0,0,1,69000,,,
,,,,,,,
0,0,0,1,69000,,,
,,,,,,,
0,0,0,1,69000,,,
,,,,,,,
0,0,0,1,69000,,,
,,,,,,,
0,0,0,1,85000,,,
,,,,,,,
0,0,0,1,85000,,,
,,,,,,,
0,0,0,1,85000,,,
,,,,,,,
0,0,0,1,85000,,,
,,,,,,,
0,0,0,1,85000,,,
,,,,,,,
0,0,0,1,85000,,,
,,,,,,,
0,0,0,1,85000,,,
,,,,,,,
0,0,0,1,85000,,,
,,,,,,,
0,0,0,1,100000,,,
,,,,,,,
0,0,0,1,100000,,,
,,,,,,,
0,0,0,1,100000,,,
,,,,,,,
0,0,0,1,100000,,,
,,,,,,,
0,0,0,1,100000,,,
,,,,,,,
0,0,0,1,100000,,,
,,,,,,,
0,0,0,1,100000,,,
,,,,,,,
0,0,0,1,100000,,,
,,,,,,,
0,0,0,1,116000,,,
,,,,,,,
255,22,206,1,116000,,,
,,,,,,,
0,0,0,1,116000,,,
,,,,,,,
0,0,0,1,116000,,,
,,,,,,,
0,0,0,1,116000,,,
,,,,,,,
0,0,0,1,116000,,,
,,,,,,,
0,0,0,1,116000,,,
,,,,,,,
0,0,0,1,116000,,,
,,,,,,,
0,0,0,1,116000,,,
,,,,,,,
0,0,0,1,132000,,,
,,,,,,,
0,0,0,1,132000,,,
,,,,,,,
0,0,0,1,132000,,,
,,,,,,,
0,0,0,1,132000,,,
,,,,,,,
0,0,0,1,132000,,,
,,,,,,,
0,0,0,1,132000,,,
,,,,,,,
0,0,0,1,132000,,,
,,,,,,,
0,0,0,1,147000,,,
,,,,,,,
0,0,0,1,147000,,,
,,,,,,,
0,0,0,1,147000,,,
,,,,,,,
0,0,0,1,147000,,,
,,,,,,,
0,0,0,1,147000,,,
,,,,,,,
0,0,0,1,147000,,,
,,,,,,,
0,0,0,1,147000,,,
,,,,,,,
0,0,0,1,147000,,,
,,,,,,,
0,0,0,1,163000,,,
,,,,,,,
238,194,127,1,163000,,,
,,,,,,,
0,0,0,1,163000,,,
,,,,,,,
0,0,0,1,163000,,,
,,,,,,,
0,0,0,1,163000,,,
,,,,,,,
0,0,0,1,163000,,,
,,,,,,,
0,0,0,1,163000,,,
,,,,,,,
0,0,0,1,163000,,,
,,,,,,,
0,0,0,1,163000,,,
,,,,,,,
0,0,0,1,179000,,,
,,,,,,,
0,0,0,1,179000,,,
,,,,,,,
0,0,0,1,179000,,,
,,,,,,,
0,0,0,1,179000,,,
,,,,,,,
0,0,0,1,179000,,,
,,,,,,,
0,0,0,1,179000,,,
,,,,,,,
0,0,0,1,179000,,,
,,,,,,,
0,0,0,1,179000,,,
,,,,,,,
0,0,0,1,179000,,,
,,,,,,,
0,0,0,1,194000,,,
,,,,,,,
0,0,0,1,194000,,,
,,,,,,,
0,0,0,1,194000,,,
,,,,,,,
0,0,0,1,194000,,,
,,,,,,,
0,0,0,1,194000,,,
,,,,,,,
0,0,0,1,194000,,,
,,,,,,,
0,0,0,1,194000,,,
,,,,,,,
0,0,0,1,194000,,,
,,,,,,,
34,16,127,1,210000,,,
,,,,,,,
0,0,0,1,210000,,,
,,,,,,,
0,0,0,1,210000,,,
,,,,,,,
0,0,0,1,210000,,,
,,,,,,,
0,0,0,1,210000,,,
,,,,,,,
0,0,0,1,210000,,,
,,,,,,,
0,0,0,1,210000,,,
,,,,,,,
0,0,0,1,210000,,,
,,,,,,,
0,0,0,1,210000,,,
,,,,,,,
0,0,0,1,226000,,,
,,,,,,,
0,0,0,1,226000,,,
,,,,,,,
0,0,0,1,226000,,,
,,,,,,,
0,0,0,1,226000,,,
,,,,,,,
0,0,0,1,226000,,,
,,,,,,,
0,0,0,1,226000,,,
,,,,,,,
0,0,0,1,226000,,,
,,,,,,,
0,0,0,1,226000,,,
,,,,,,,
0,0,0,1,226000,,,
,,,,,,,
0,0,0,1,241000,,,
,,,,,,,
0,0,0,1,241000,,,
,,,,,,,
0,0,0,1,241000,,,
,,,,,,,
0,0,0,1,241000,,,
,,,,,,,
0,0,0,1,241000,,,
,,,,,,,
0,0,0,1,241000,,,
,,,,,,,
0,0,0,1,241000,,,
,,,,,,,
0,0,0,1,241000,,,
,,,,,,,
47,237,109,1,257000,,,
,,,,,,,
0,0,0,1,257000,,,
,,,,,,,
0,0,0,1,257000,,,
,,,,,,,
0,0,0,1,257000,,,
,,,,,,,
0,0,0,1,257000,,,
,,,,,,,
0,0,0,1,257000,,,
,,,,,,,
0,0,0,1,257000,,,
,,,,,,,
0,0,0,1,257000,,,
,,,,,,,
0,0,0,1,257000,,,
,,,,,,,
0,0,0,1,272000,,,
,,,,,,,
0,0,0,1,272000,,,
,,,,,,,
0,0,0,1,272000,,,
,,,,,,,
0,0,0,1,272000,,,
,,,,,,,
0,0,0,1,272000,,,
,,,,,,,
0,0,0,1,272000,,,
,,,,,,,
0,0,0,1,272000,,,
,,,,,,,
0,0,0,1,272000,,,
,,,,,,,
0,0,0,1,288000,,,
,,,,,,,
0,0,0,1,288000,,,
,,,,,,,
0,0,0,1,288000,,,
,,,,,,,
0,0,0,1,288000,,,
,,,,,,,
0,0,0,1,288000,,,
,,,,,,,
0,0,0,1,288000,,,
,,,,,,,
0,0,0,1,288000,,,
,,,,,,,
0,0,0,1,288000,,,
,,,,,,,
0,0,0,1,288000,,,
,,,,,,,
0,0,0,1,304000,,,
,,,,,,,
0,0,0,1,304000,,,
,,,,,,,
30,240,37,1,304000,,,
,,,,,,,
0,0,0,1,304000,,,
,,,,,,,
0,0,0,1,304000,,,
,,,,,,,
0,0,0,1,304000,,,
,,,,,,,
0,0,0,1,304000,,,
,,,,,,,
0,0,0,1,304000,,,
,,,,,,,
0,0,0,1,319000,,,
,,,,,,,
0,0,0,1,319000,,,
,,,,,,,
0,0,0,1,319000,,,
,,,,,,,
0,0,0,1,319000,,,
,,,,,,,
0,0,0,1,319000,,,
,,,,,,,
0,0,0,1,319000,,,
,,,,,,,
0,0,0,1,319000,,,
,,,,,,,
0,0,0,1,319000,,,
,,,,,,,
0,0,0,1,335000,,,
,,,,,,,
0,0,0,1,335000,,,
,,,,,,,
0,0,0,1,335000,,,
,,,,,,,
0,0,0,1,335000,,,
,,,,,,,
0,0,0,1,335000,,,
,,,,,,,
0,0,0,1,335000,,,
,,,,,,,
0,0,0,1,335000,,,
,,,,,,,
0,0,0,1,335000,,,
,,,,,,,
0,0,0,1,335000,,,
,,,,,,,
0,0,0,1,351000,,,
,,,,,,,
0,0,0,1,351000,,,
,,,,,,,
12,4,235,1,351000,,,
,,,,,,,
0,0,0,1,351000,,,
,,,,,,,
0,0,0,1,351000,,,
,,,,,,,
0,0,0,1,351000,,,
,,,,,,,
0,0,0,1,351000,,,
,,,,,,,
0,0,0,1,351000,,,
,,,,,,,
0,0,0,1,351000,,,
,,,,,,,
0,0,0,1,366000,,,
,,,,,,,
0,0,0,1,366000,,,
,,,,,,,
0,0,0,1,366000,,,
,,,,,,,
0,0,0,1,366000,,,
,,,,,,,
0,0,0,1,366000,,,
,,,,,,,
0,0,0,1,366000,,,
,,,,,,,
0,0,0,1,366000,,,
,,,,,,,
0,0,0,1,366000,,,
,,,,,,,
0,0,0,1,382000,,,
,,,,,,,
0,0,0,1,382000,,,
,,,,,,,
0,0,0,1,382000,,,
,,,,,,,
0,0,0,1,382000,,,
,,,,,,,
0,0,0,1,382000,,,
,,,,,,,
0,0,0,1,382000,,,
,,,,,,,
0,0,0,1,382000,,,
,,,,,,,
0,0,0,1,382000,,,
,,,,,,,
0,0,0,1,397000,,,
,,,,,,,
7,35,183,1,397000,,,
,,,,,,,
0,0,0,1,397000,,,
,,,,,,,
0,0,0,1,397000,,,
,,,,,,,
0,0,0,1,397000,,,
,,,,,,,
0,0,0,1,397000,,,
,,,,,,,
0,0,0,1,397000,,,
,,,,,,,
0,0,0,1,413000,,,
,,,,,,,
0,0,0,1,413000,,,
,,,,,,,
0,0,0,1,413000,,,
,,,,,,,
0,0,0,1,413000,,,
,,,,,,,
0,0,0,1,413000,,,
,,,,,,,
0,0,0,1,413000,,,
,,,,,,,
0,0,0,1,413000,,,
,,,,,,,
0,0,0,1,413000,,,
,,,,,,,
0,0,0,1,429000,,,
,,,,,,,
0,0,0,1,429000,,,
,,,,,,,
0,0,0,1,429000,,,
,,,,,,,
0,0,0,1,429000,,,
,,,,,,,
0,0,0,1,429000,,,
,,,,,,,
0,0,0,1,429000,,,
,,,,,,,
0,0,0,1,429000,,,
,,,,,,,
0,0,0,1,429000,,,
,,,,,,,
0,0,0,1,444000,,,
,,,,,,,
252,28,173,1,444000,,,
,,,,,,,
0,0,0,1,444000,,,
,,,,,,,
0,0,0,1,444000,,,
,,,,,,,
0,0,0,1,444000,,,
,,,,,,,
0,0,0,1,444000,,,
,,,,,,,
0,0,0,1,444000,,,
,,,,,,,
0,0,0,1,444000,,,
,,,,,,,
0,0,0,1,444000,,,
,,,,,,,
0,0,0,1,460000,,,
,,,,,,,
0,0,0,1,460000,,,
,,,,,,,
0,0,0,1,460000,,,
,,,,,,,
0,0,0,1,460000,,,
,,,,,,,
0,0,0,1,460000,,,
,,,,,,,
0,0,0,1,460000,,,
,,,,,,,
0,0,0,1,460000,,,
,,,,,,,
0,0,0,1,460000,,,
,,,,,,,
0,0,0,1,476000,,,
,,,,,,,
0,0,0,1,476000,,,
,,,,,,,
0,0,0,1,476000,,,
,,,,,,,
0,0,0,1,476000,,,
,,,,,,,
0,0,0,1,476000,,,
,,,,,,,
0,0,0,1,476000,,,
,,,,,,,
0,0,0,1,476000,,,
,,,,,,,
0,0,0,1,476000,,,
,,,,,,,
0,0,0,1,476000,,,
,,,,,,,
0,0,0,1,491000,,,
,,,,,,,
249,15,218,1,491000,,,
,,,,,,,
0,0,0,1,491000,,,
,,,,,,,
0,0,0,1,491000,,,
,,,,,,,
0,0,0,1,491000,,,
,,,,,,,
0,0,0,1,491000,,,
,,,,,,,
0,0,0,1,491000,,,
,,,,,,,
0,0,0,1,491000,,,
,,,,,,,
0,0,0,1,507000,,,
,,,,,,,
0,0,0,1,507000,,,
,,,,,,,
0,0,0,1,507000,,,
,,,,,,,
0,0,0,1,507000,,,
,,,,,,,
0,0,0,1,507000,,,
,,,,,,,
0,0,0,1,507000,,,
,,,,,,,
0,0,0,1,507000,,,
,,,,,,,
0,0,0,1,507000,,,
,,,,,,,
0,0,0,1,507000,,,
,,,,,,,
0,0,0,1,522000,,,
,,,,,,,
0,0,0,1,522000,,,
,,,,,,,
0,0,0,1,522000,,,
,,,,,,,
0,0,0,1,522000,,,
,,,,,,,
0,0,0,1,522000,,,
,,,,,,,
0,0,0,1,522000,,,
,,,,,,,
0,0,0,1,522000,,,
,,,,,,,
0,0,0,1,522000,,,
,,,,,,,
0,0,0,1,538000,,,
,,,,,,,
249,229,127,1,538000,,,
,,,,,,,
0,0,0,1,538000,,,
,,,,,,,
0,0,0,1,538000,,,
,,,,,,,
0,0,0,1,538000,,,
,,,,,,,
0,0,0,1,538000,,,
,,,,,,,
0,0,0,1,538000,,,
,,,,,,,
0,0,0,1,538000,,,
,,,,,,,
0,0,0,1,538000,,,
,,,,,,,
0,0,0,1,554000,,,
,,,,,,,
0,0,0,1,554000,,,
,,,,,,,
0,0,0,1,554000,,,
,,,,,,,
0,0,0,1,554000,,,
,,,,,,,
0,0,0,1,554000,,,
,,,,,,,
0,0,0,1,554000,,,
,,,,,,,
0,0,0,1,554000,,,
,,,,,,,
0,0,0,1,569000,,,
,,,,,,,
0,0,0,1,569000,,,
,,,,,,,
0,0,0,1,569000,,,
,,,,,,,
0,0,0,1,569000,,,
,,,,,,,
0,0,0,1,569000,,,
,,,,,,,
0,0,0,1,569000,,,
,,,,,,,
0,0,0,1,569000,,,
,,,,,,,
0,0,0,1,569000,,,
,,,,,,,
39,21,127,1,585000,,,
,,,,,,,
0,0,0,1,585000,,,
,,,,,,,
0,0,0,1,585000,,,
,,,,,,,
0,0,0,1,585000,,,
,,,,,,,
0,0,0,1,585000,,,
,,,,,,,
0,0,0,1,585000,,,
,,,,,,,
0,0,0,1,585000,,,
,,,,,,,
0,0,0,1,585000,,,
,,,,,,,
0,0,0,1,585000,,,
,,,,,,,
0,0,0,1,601000,,,
,,,,,,,
0,0,0,1,601000,,,
,,,,,,,
0,0,0,1,601000,,,
,,,,,,,
0,0,0,1,601000,,,
,,,,,,,
0,0,0,1,601000,,,
,,,,,,,
0,0,0,1,601000,,,
,,,,,,,
0,0,0,1,601000,,,
,,,,,,,
0,0,0,1,601000,,,
,,,,,,,
0,0,0,1,616000,,,
,,,,,,,
0,0,0,1,616000,,,
,,,,,,,
0,0,0,1,616000,,,
,,,,,,,
0,0,0,1,616000,,,
,,,,,,,
0,0,0,1,616000,,,
,,,,,,,
0,0,0,1,616000,,,
,,,,,,,
0,0,0,1,616000,,,
,,,,,,,
0,0,0,1,616000,,,
,,,,,,,
51,13,127,1,616000,,,
,,,,,,,
0,0,0,1,632000,,,
,,,,,,,
0,0,0,1,632000,,,
,,,,,,,
0,0,0,1,632000,,,
,,,,,,,
0,0,0,1,632000,,,
,,,,,,,
0,0,0,1,632000,,,
,,,,,,,
0,0,0,1,632000,,,
,,,,,,,
0,0,0,1,632000,,,
,,,,,,,
0,0,0,1,632000,,,
,,,,,,,
0,0,0,1,647000,,,
,,,,,,,
0,0,0,1,647000,,,
,,,,,,,
0,0,0,1,647000,,,
,,,,,,,
0,0,0,1,647000,,,
,,,,,,,
0,0,0,1,647000,,,
,,,,,,,
0,0,0,1,647000,,,
,,,,,,,
0,0,0,1,647000,,,
,,,,,,,
0,0,0,1,647000,,,
,,,,,,,
0,0,0,1,647000,,,
,,,,,,,
0,0,0,1,663000,,,
,,,,,,,
0,0,0,1,663000,,,
,,,,,,,
0,0,0,1,663000,,,
,,,,,,,
0,0,0,1,663000,,,
,,,,,,,
0,0,0,1,663000,,,
,,,,,,,
0,0,0,1,663000,,,
,,,,,,,
0,0,0,1,663000,,,
,,,,,,,
27,255,63,1,663000,,,
,,,,,,,
0,0,0,1,679000,,,
,,,,,,,
0,0,0,1,679000,,,
,,,,,,,
0,0,0,1,679000,,,
,,,,,,,
0,0,0,1,679000,,,
,,,,,,,
0,0,0,1,679000,,,
,,,,,,,
0,0,0,1,679000,,,
,,,,,,,
0,0,0,1,679000,,,
,,,,,,,
0,0,0,1,679000,,,
,,,,,,,
0,0,0,1,679000,,,
,,,,,,,
0,0,0,1,694000,,,
,,,,,,,
0,0,0,1,694000,,,
,,,,,,,
0,0,0,1,694000,,,
,,,,,,,
0,0,0,1,694000,,,
,,,,,,,
0,0,0,1,694000,,,
,,,,,,,
0,0,0,1,694000,,,
,,,,,,,
0,0,0,1,694000,,,
,,,,,,,
0,0,0,1,694000,,,
,,,,,,,
0,0,0,1,710000,,,
,,,,,,,
0,0,0,1,710000,,,
,,,,,,,
0,0,0,1,710000,,,
,,,,,,,
0,0,0,1,710000,,,
,,,,,,,
0,0,0,1,710000,,,
,,,,,,,
0,0,0,1,710000,,,
,,,,,,,
0,0,0,1,710000,,,
,,,,,,,
0,0,0,1,710000,,,
,,,,,,,
2,5,11,1,710000,,,
,,,,,,,
0,0,0,1,726000,,,
,,,,,,,
0,0,0,1,726000,,,
,,,,,,,
0,0,0,1,726000,,,
,,,,,,,
0,0,0,1,726000,,,
,,,,,,,
0,0,0,1,726000,,,
,,,,,,,
0,0,0,1,726000,,,
,,,,,,,
0,0,0,1,726000,,,
,,,,,,,
0,0,0,1,726000,,,
,,,,,,,
0,0,0,1,726000,,,
,,,,,,,
0,0,0,1,741000,,,
,,,,,,,
0,0,0,1,741000,,,
,,,,,,,
0,0,0,1,741000,,,
,,,,,,,
0,0,0,1,741000,,,
,,,,,,,
0,0,0,1,741000,,,
,,,,,,,
0,0,0,1,741000,,,
,,,,,,,
0,0,0,1,741000,,,
,,,,,,,
0,0,0,1,741000,,,
,,,,,,,
0,0,0,1,757000,,,
,,,,,,,
0,0,0,1,757000,,,
,,,,,,,
0,0,0,1,757000,,,
,,,,,,,
0,0,0,1,757000,,,
,,,,,,,
0,0,0,1,757000,,,
,,,,,,,
0,0,0,1,757000,,,
,,,,,,,
0,0,0,1,757000,,,
,,,,,,,
255,22,190,1,757000,,,
,,,,,,,
0,0,0,1,757000,,,
,,,,,,,
0,0,0,1,772000,,,
,,,,,,,
0,0,0,1,772000,,,
,,,,,,,
0,0,0,1,772000,,,
,,,,,,,
0,0,0,1,772000,,,
,,,,,,,
0,0,0,1,772000,,,
,,,,,,,
0,0,0,1,772000,,,
,,,,,,,
0,0,0,1,772000,,,
,,,,,,,
0,0,0,1,772000,,,
,,,,,,,
0,0,0,1,788000,,,
,,,,,,,
0,0,0,1,788000,,,
,,,,,,,
0,0,0,1,788000,,,
,,,,,,,
0,0,0,1,788000,,,
,,,,,,,
0,0,0,1,788000,,,
,,,,,,,
0,0,0,1,788000,,,
,,,,,,,
0,0,0,1,788000,,,
,,,,,,,
0,0,0,1,788000,,,
,,,,,,,
0,0,0,1,788000,,,
,,,,,,,
0,0,0,1,804000,,,
,,,,,,,
0,0,0,1,804000,,,
,,,,,,,
0,0,0,1,804000,,,
,,,,,,,
0,0,0,1,804000,,,
,,,,,,,
0,0,0,1,804000,,,
,,,,,,,
0,0,0,1,804000,,,
,,,,,,,
0,0,0,1,804000,,,
,,,,,,,
1,24,159,1,804000,,,
,,,,,,,
0,0,0,1,804000,,,
,,,,,,,
0,0,0,1,819000,,,
,,,,,,,
0,0,0,1,819000,,,
,,,,,,,
0,0,0,1,819000,,,
,,,,,,,
0,0,0,1,819000,,,
,,,,,,,
0,0,0,1,819000,,,
,,,,,,,
0,0,0,1,819000,,,
,,,,,,,
0,0,0,1,819000,,,
,,,,,,,
0,0,0,1,819000,,,
,,,,,,,
0,0,0,1,835000,,,
,,,,,,,
0,0,0,1,835000,,,
,,,,,,,
0,0,0,1,835000,,,
,,,,,,,
0,0,0,1,835000,,,
,,,,,,,
0,0,0,1,835000,,,
,,,,,,,
0,0,0,1,835000,,,
,,,,,,,
0,0,0,1,835000,,,
,,,,,,,
0,0,0,1,835000,,,
,,,,,,,
0,0,0,1,835000,,,
,,,,,,,
0,0,0,1,851000,,,
,,,,,,,
0,0,0,1,851000,,,
,,,,,,,
0,0,0,1,851000,,,
,,,,,,,
0,0,0,1,851000,,,
,,,,,,,
0,0,0,1,851000,,,
,,,,,,,
0,0,0,1,851000,,,
,,,,,,,
253,13,188,1,851000,,,
,,,,,,,
0,0,0,1,851000,,,
,,,,,,,
0,0,0,1,851000,,,
,,,,,,,
0,0,0,1,866000,,,
,,,,,,,
0,0,0,1,866000,,,
,,,,,,,
0,0,0,1,866000,,,
,,,,,,,
0,0,0,1,866000,,,
,,,,,,,
0,0,0,1,866000,,,
,,,,,,,
0,0,0,1,866000,,,
,,,,,,,
0,0,0,1,866000,,,
,,,,,,,
0,0,0,1,866000,,,
,,,,,,,
0,0,0,1,882000,,,
,,,,,,,
0,0,0,1,882000,,,
,,,,,,,
0,0,0,1,882000,,,
,,,,,,,
0,0,0,1,882000,,,
,,,,,,,
0,0,0,1,882000,,,
,,,,,,,
0,0,0,1,882000,,,
,,,,,,,
0,0,0,1,882000,,,
,,,,,,,
0,0,0,1,882000,,,
,,,,,,,
0,0,0,1,882000,,,
,,,,,,,
0,0,0,1,897000,,,
,,,,,,,
0,0,0,1,897000,,,
,,,,,,,
0,0,0,1,897000,,,
,,,,,,,
0,0,0,1,897000,,,
,,,,,,,
0,0,0,1,897000,,,
,,,,,,,
249,14,52,1,897000,,,
,,,,,,,
0,0,0,1,897000,,,
,,,,,,,
0,0,0,1,897000,,,
,,,,,,,
0,0,0,1,913000,,,
,,,,,,,
0,0,0,1,913000,,,
,,,,,,,
0,0,0,1,913000,,,
,,,,,,,
0,0,0,1,913000,,,
,,,,,,,
0,0,0,1,913000,,,
,,,,,,,
0,0,0,1,913000,,,
,,,,,,,
0,0,0,1,913000,,,
,,,,,,,
0,0,0,1,929000,,,
,,,,,,,
0,0,0,1,929000,,,
,,,,,,,
0,0,0,1,929000,,,
,,,,,,,
0,0,0,1,929000,,,
,,,,,,,
0,0,0,1,929000,,,
,,,,,,,
0,0,0,1,929000,,,
,,,,,,,
0,0,0,1,929000,,,
,,,,,,,
0,0,0,1,929000,,,
,,,,,,,
0,0,0,1,944000,,,
,,,,,,,
0,0,0,1,944000,,,
,,,,,,,
0,0,0,1,944000,,,
,,,,,,,
0,0,0,1,944000,,,
,,,,,,,
0,10,127,1,944000,,,
,,,,,,,
0,0,0,1,944000,,,
,,,,,,,
0,0,0,1,960000,,,
,,,,,,,
0,0,0,1,960000,,,
,,,,,,,
0,0,0,1,960000,,,
,,,,,,,
0,0,0,1,960000,,,
,,,,,,,
0,0,0,1,960000,,,
,,,,,,,
0,0,0,1,960000,,,
,,,,,,,
0,0,0,1,976000,,,
,,,,,,,
0,0,0,1,976000,,,
,,,,,,,
0,0,0,1,976000,,,
,,,,,,,
0,0,0,1,976000,,,
,,,,,,,
0,0,0,1,976000,,,
,,,,,,,
0,0,0,1,976000,,,
,,,,,,,
0,0,0,1,976000,,,
,,,,,,,
0,0,0,1,991000,,,
,,,,,,,
0,0,0,1,991000,,,
,,,,,,,
0,0,0,1,991000,,,
,,,,,,,
0,0,0,1,991000,,,
,,,,,,,
0,0,0,1,991000,,,
,,,,,,,
51,6,127,1,991000,,,
,,,,,,,
0,0,0,1,991000,,,
,,,,,,,
0,0,0,1,991000,,,
,,,,,,,
0,0,0,2,69000,,,
,,,,,,,
37,246,66,2,69000,,,
,,,,,,,
0,0,0,2,69000,,,
,,,,,,,
0,0,0,2,69000,,,
,,,,,,,
0,0,0,2,69000,,,
,,,,,,,
0,0,0,2,85000,,,
,,,,,,,
0,0,0,2,85000,,,
,,,,,,,
0,0,0,2,85000,,,
,,,,,,,
0,0,0,2,85000,,,
,,,,,,,
8,0,19,2,85000,,,
,,,,,,,
0,0,0,2,85000,,,
,,,,,,,
0,0,0,2,101000,,,
,,,,,,,
0,0,0,2,101000,,,
,,,,,,,
0,0,0,2,101000,,,
,,,,,,,
0,0,0,2,101000,,,
,,,,,,,
0,0,0,2,101000,,,
,,,,,,,
0,0,0,2,101000,,,
,,,,,,,
0,0,0,2,101000,,,
,,,,,,,
0,0,0,2,116000,,,
,,,,,,,
0,0,0,2,116000,,,
,,,,,,,
0,0,0,2,116000,,,
,,,,,,,
0,0,0,2,116000,,,
,,,,,,,
0,0,0,2,116000,,,
,,,,,,,
0,0,0,2,116000,,,
,,,,,,,
0,0,0,2,116000,,,
,,,,,,,
0,0,0,2,132000,,,
,,,,,,,
0,0,0,2,241000,,,
,,,,,,,
5,14,176,2,241000,,,
,,,,,,,
0,0,0,2,241000,,,
,,,,,,,
0,0,0,2,241000,,,
,,,,,,,
0,0,0,2,241000,,,
,,,,,,,
0,0,0,2,257000,,,
,,,,,,,
0,0,0,2,257000,,,
,,,,,,,
0,0,0,2,257000,,,
,,,,,,,
0,0,0,2,257000,,,
,,,,,,,
0,0,0,2,257000,,,
,,,,,,,
0,0,0,2,257000,,,
,,,,,,,
0,0,0,2,257000,,,
,,,,,,,
0,0,0,2,257000,,,
,,,,,,,
0,0,0,2,272000,,,
,,,,,,,
0,0,0,2,272000,,,
,,,,,,,
0,0,0,2,272000,,,
,,,,,,,
251,253,50,2,272000,,,
,,,,,,,
0,0,0,2,272000,,,
,,,,,,,
0,0,0,2,272000,,,
,,,,,,,
0,0,0,2,272000,,,
,,,,,,,
0,0,0,2,288000,,,
,,,,,,,
0,0,0,2,288000,,,
,,,,,,,
0,0,0,2,288000,,,
,,,,,,,
0,0,0,2,288000,,,
,,,,,,,
0,0,0,2,288000,,,
,,,,,,,
0,0,0,2,288000,,,
,,,,,,,
0,0,0,2,288000,,,
,,,,,,,
0,0,0,2,288000,,,
,,,,,,,
0,0,0,2,304000,,,
,,,,,,,
0,0,0,2,304000,,,
,,,,,,,
0,0,0,2,304000,,,
,,,,,,,
0,0,0,2,304000,,,
,,,,,,,
0,0,0,2,304000,,,
,,,,,,,
0,0,0,2,304000,,,
,,,,,,,
0,0,0,2,319000,,,
,,,,,,,
0,0,0,2,319000,,,
,,,,,,,
243,7,127,2,319000,,,
,,,,,,,
0,0,0,2,319000,,,
,,,,,,,
0,0,0,2,319000,,,
,,,,,,,
0,0,0,2,319000,,,
,,,,,,,
0,0,0,2,319000,,,
,,,,,,,
0,0,0,2,319000,,,
,,,,,,,
0,0,0,2,335000,,,
,,,,,,,
0,0,0,2,335000,,,
,,,,,,,
0,0,0,2,335000,,,
,,,,,,,
0,0,0,2,335000,,,
,,,,,,,
0,0,0,2,335000,,,
,,,,,,,
0,0,0,2,335000,,,
,,,,,,,
0,0,0,2,335000,,,
,,,,,,,
0,0,0,2,351000,,,
,,,,,,,
0,0,0,2,351000,,,
,,,,,,,
0,0,0,2,351000,,,
,,,,,,,
0,0,0,2,351000,,,
,,,,,,,
0,0,0,2,351000,,,
,,,,,,,
0,0,0,2,351000,,,
,,,,,,,
0,0,0,2,351000,,,
,,,,,,,
0,0,0,2,351000,,,
,,,,,,,
0,0,0,2,366000,,,
,,,,,,,
0,0,0,2,366000,,,
,,,,,,,
40,20,127,2,366000,,,
,,,,,,,
0,0,0,2,366000,,,
,,,,,,,
0,0,0,2,366000,,,
,,,,,,,
0,0,0,2,366000,,,
,,,,,,,
0,0,0,2,366000,,,
,,,,,,,
0,0,0,2,366000,,,
,,,,,,,
0,0,0,2,382000,,,
,,,,,,,
0,0,0,2,382000,,,
,,,,,,,
0,0,0,2,382000,,,
,,,,,,,
0,0,0,2,382000,,,
,,,,,,,
0,0,0,2,382000,,,
,,,,,,,
0,0,0,2,382000,,,
,,,,,,,
0,0,0,2,382000,,,
,,,,,,,
0,0,0,2,382000,,,
,,,,,,,
0,0,0,2,397000,,,
,,,,,,,
0,0,0,2,397000,,,
,,,,,,,
0,0,0,2,397000,,,
,,,,,,,
0,0,0,2,397000,,,
,,,,,,,
0,0,0,2,397000,,,
,,,,,,,
0,0,0,2,397000,,,
,,,,,,,
0,0,0,2,397000,,,
,,,,,,,
0,0,0,2,397000,,,
,,,,,,,
0,0,0,2,413000,,,
,,,,,,,
0,0,0,2,413000,,,
,,,,,,,
0,0,0,2,413000,,,
,,,,,,,
34,233,61,2,413000,,,
,,,,,,,
0,0,0,2,413000,,,
,,,,,,,
0,0,0,2,413000,,,
,,,,,,,
0,0,0,2,413000,,,
,,,,,,,
0,0,0,2,413000,,,
,,,,,,,
0,0,0,2,429000,,,
,,,,,,,
0,0,0,2,429000,,,
,,,,,,,
0,0,0,2,429000,,,
,,,,,,,
0,0,0,2,429000,,,
,,,,,,,
0,0,0,2,429000,,,
,,,,,,,
0,0,0,2,429000,,,
,,,,,,,
0,0,0,2,429000,,,
,,,,,,,
0,0,0,2,429000,,,
,,,,,,,
0,0,0,2,429000,,,
,,,,,,,
0,0,0,2,444000,,,
,,,,,,,
0,0,0,2,444000,,,
,,,,,,,
0,0,0,2,444000,,,
,,,,,,,
0,0,0,2,444000,,,
,,,,,,,
0,0,0,2,444000,,,
,,,,,,,
0,0,0,2,444000,,,
,,,,,,,
0,0,0,2,444000,,,
,,,,,,,
0,0,0,2,444000,,,
,,,,,,,
0,0,0,2,460000,,,
,,,,,,,
0,0,0,2,460000,,,
,,,,,,,
11,232,1,2,460000,,,
,,,,,,,
0,0,0,2,460000,,,
,,,,,,,
0,0,0,2,460000,,,
,,,,,,,
0,0,0,2,460000,,,
,,,,,,,
0,0,0,2,460000,,,
,,,,,,,
0,0,0,2,460000,,,
,,,,,,,
0,0,0,2,460000,,,
,,,,,,,
0,0,0,2,476000,,,
,,,,,,,
0,0,0,2,476000,,,
,,,,,,,
0,0,0,2,476000,,,
,,,,,,,
0,0,0,2,476000,,,
,,,,,,,
0,0,0,2,476000,,,
,,,,,,,
0,0,0,2,476000,,,
,,,,,,,
0,0,0,2,476000,,,
,,,,,,,
0,0,0,2,476000,,,
,,,,,,,
0,0,0,2,491000,,,
,,,,,,,
0,0,0,2,491000,,,
,,,,,,,
0,0,0,2,491000,,,
,,,,,,,
0,0,0,2,491000,,,
,,,,,,,
0,0,0,2,491000,,,
,,,,,,,
0,0,0,2,491000,,,
,,,,,,,
0,0,0,2,491000,,,
,,,,,,,
0,0,0,2,491000,,,
,,,,,,,
0,0,0,2,491000,,,
,,,,,,,
0,0,0,2,507000,,,
,,,,,,,
5,28,183,2,507000,,,
,,,,,,,
0,0,0,2,507000,,,
,,,,,,,
0,0,0,2,507000,,,
,,,,,,,
0,0,0,2,507000,,,
,,,,,,,
0,0,0,2,522000,,,
,,,,,,,
0,0,0,2,522000,,,
,,,,,,,
0,0,0,2,522000,,,
,,,,,,,
0,0,0,2,522000,,,
,,,,,,,
0,0,0,2,522000,,,
,,,,,,,
0,0,0,2,522000,,,
,,,,,,,
0,0,0,2,538000,,,
,,,,,,,
0,0,0,2,538000,,,
,,,,,,,
0,0,0,2,538000,,,
,,,,,,,
0,0,0,2,538000,,,
,,,,,,,
0,0,0,2,538000,,,
,,,,,,,
0,0,0,2,538000,,,
,,,,,,,
0,0,0,2,538000,,,
,,,,,,,
0,0,0,2,538000,,,
,,,,,,,
0,0,0,2,554000,,,
,,,,,,,
0,0,0,2,554000,,,
,,,,,,,
6,53,154,2,554000,,,
,,,,,,,
0,0,0,2,554000,,,
,,,,,,,
0,0,0,2,554000,,,
,,,,,,,
0,0,0,2,554000,,,
,,,,,,,
0,0,0,2,554000,,,
,,,,,,,
0,0,0,2,554000,,,
,,,,,,,
0,0,0,2,569000,,,
,,,,,,,
0,0,0,2,569000,,,
,,,,,,,
0,0,0,2,569000,,,
,,,,,,,
0,0,0,2,569000,,,
,,,,,,,
0,0,0,2,569000,,,
,,,,,,,
0,0,0,2,569000,,,
,,,,,,,
0,0,0,2,569000,,,
,,,,,,,
0,0,0,2,569000,,,
,,,,,,,
0,0,0,2,585000,,,
,,,,,,,
0,0,0,2,585000,,,
,,,,,,,
0,0,0,2,585000,,,
,,,,,,,
0,0,0,2,585000,,,
,,,,,,,
0,0,0,2,585000,,,
,,,,,,,
0,0,0,2,585000,,,
,,,,,,,
0,0,0,2,585000,,,
,,,,,,,
0,0,0,2,585000,,,
,,,,,,,
0,0,0,2,585000,,,
,,,,,,,
0,0,0,2,601000,,,
,,,,,,,
249,31,185,2,601000,,,
,,,,,,,
0,0,0,2,601000,,,
,,,,,,,
0,0,0,2,601000,,,
,,,,,,,
0,0,0,2,601000,,,
,,,,,,,
0,0,0,2,601000,,,
,,,,,,,
0,0,0,2,601000,,,
,,,,,,,
0,0,0,2,616000,,,
,,,,,,,
0,0,0,2,616000,,,
,,,,,,,
0,0,0,2,616000,,,
,,,,,,,
0,0,0,2,616000,,,
,,,,,,,
0,0,0,2,616000,,,
,,,,,,,
0,0,0,2,616000,,,
,,,,,,,
0,0,0,2,616000,,,
,,,,,,,
0,0,0,2,616000,,,
,,,,,,,
0,0,0,2,632000,,1218,462.7659574
,,,,,,,
0,0,0,2,632000,,,
,,,,,,,
0,0,0,2,632000,,,
